minigame,,,,,,,,,,,,,,,,,,,,,,,,,,,,,,,,,,,,,,,,,
1-1_time,0.1,1,2,3,4,5,6,7,8,8.5,9,9.5,10,10.5,11,11.5,12,12.5,13,13.5,14,14.5,15,15.5,,,,,,,,,,,,,,,,,
1-1_type,Show,Show,Input,Input,Show,Show,Input,Input,Show,Show,Show,Show,Input,Input,Input,Input,Show,Show,Show,Show,Input,Input,Input,Input,,,,,,,,,,,,,,,,,
1-2_time,0,3.5,4,7.5,8,11.5,12,15.5,,,,,,,,,,,,,,,,,,,,,,,,,,,,,,,,,
1-2_type,Show,Input,Show,Input,Show,Input,Show,Input,,,,,,,,,,,,,,,,,,,,,,,,,,,,,,,,,
1-3_time,14.5,,,,,,,,,,,,,,,,,,,,,,,,,,,,,,,,,,,,,,,,
1-3_type,End,,,,,,,,,,,,,,,,,,,,,,,,,,,,,,,,,,,,,,,,
1-4_time,4,5,6,12,13,14,,,,,,,,,,,,,,,,,,,,,,,,,,,,,,,,,,,
1-4_type,Swipe,Swipe,Swipe,Swipe,Swipe,Swipe,,,,,,,,,,,,,,,,,,,,,,,,,,,,,,,,,,,
1-5_time,,,,,,,,,,,,,,,,,,,,,,,,,,,,,,,,,,,,,,,,,
1-5_type,,,,,,,,,,,,,,,,,,,,,,,,,,,,,,,,,,,,,,,,,
1-6_time,2,4,6,8.5,8.5,10.5,10.5,12.5,12.5,,,,,,,,,,,,,,,,,,,,,,,,,,,,,,,,
1-6_type,Container,Container,Container,Spawn,Input,Spawn,Input,Spawn,Input,,,,,,,,,,,,,,,,,,,,,,,,,,,,,,,,
1-7_time,1.5,2,2.5,3,3.5,4,4.5,5,5.5,6.5,7,7.5,8,8.5,9,9.5,10,11.5,12.5,13,13.5,14,,,,,,,,,,,,,,,,,,,
1-7_type,Show,Input,Show,Input,Show,Input,Show,Input,Move,Show,Input,Show,Input,Show,Input,Show,Input,Move,Show,Input,Show,Input,,,,,,,,,,,,,,,,,,,
1-8_time,0.5,1.5,4.5,6.5,8.5,9.5,12.5,,,,,,,,,,,,,,,,,,,,,,,,,,,,,,,,,,
1-8_type,Show,Show,Show,Show ,Show ,Show ,Show ,,,,,,,,,,,,,,,,,,,,,,,,,,,,,,,,,,
1-9_time,0.5,1.5,2.5,3.5,4.5,5.5,6.5,7.5,8.5,9.5,10.5,11.5,12.5,,,,,,,,,,,,,,,,,,,,,,,,,,,,
1-9_type,Show,Show,Input,Input,Show,Show,Input,Input,Show,Show,Input,Input,End,,,,,,,,,,,,,,,,,,,,,,,,,,,,
1-10_time,2,3,4,5,6,7,8,9,10,11,12,16,17,18,19,20,21,22,23,24,25,26,27,28,32,33,34,35,36,36.5,37,37.5,38,39,40,41,42,42.5,43,43.5,44.5
1-10_type,Show,Input,Show,Input,Show,Input,Show,Input,Show,Input,Move,Show,Show,Input,Input,Show,Show,Input,Input,Show,Show,Input,Input,Move,Show,Input,Show,Input,Show,Show,Input,Input,Show,Input,Show,Input,Show,Show,Input,Input,Move
,,,,,,,,,,,,,,,,,,,,,,,,,,,,,,,,,,,,,,,,,
2-1_time,1.37,3.1,5,8.3,12.1,14.1,,,,,,,,,,,,,,,,,,,,,,,,,,,,,,,,,,,
2-1_type,Input,Input,Input,Input,Input,Input,,,,,,,,,,,,,,,,,,,,,,,,,,,,,,,,,,,
2-2_time,0,1.6,3.6,5.6,7.6,9.6,,,,,,,,,,,,,,,,,,,,,,,,,,,,,,,,,,,
2-2_type,PatternStart,Input,Input,Input,Input,Input,,,,,,,,,,,,,,,,,,,,,,,,,,,,,,,,,,,
2-3_time,1.6,2,3.6,4,5.6,6,7.6,8,,,,,,,,,,,,,,,,,,,,,,,,,,,,,,,,,
2-3_type,Show,Input,Show,Input,Show,Input,Show,Input,,,,,,,,,,,,,,,,,,,,,,,,,,,,,,,,,
2-4_time,2,4,6,8,10,12,14,15.2,16,17.2,19,21,,,,,,,,,,,,,,,,,,,,,,,,,,,,,
2-4_type,Show,Input,Show,Input,Show,Input,Show,Show,Input,Input,Show,Input,,,,,,,,,,,,,,,,,,,,,,,,,,,,,
2-5_time,1.2,1.6,2,2.4,3.4,3.8,4.2,4.6,5.6,6,6.4,6.8,6.8,7.2,7.6,8.2,,,,,,,,,,,,,,,,,,,,,,,,,
2-5_type,Show,Step2,Step3,Input,Show,Step2,Step3,Input,Show,Step2,Step3,Show,Input,Step2,Step3,Input,,,,,,,,,,,,,,,,,,,,,,,,,
2-6_time,2,4,6,8,10,12,,,,,,,,,,,,,,,,,,,,,,,,,,,,,,,,,,,
2-6_type,Show,Show,Show,Show,Show,Show,,,,,,,,,,,,,,,,,,,,,,,,,,,,,,,,,,,
2-7_time,,,,,,,,,,,,,,,,,,,,,,,,,,,,,,,,,,,,,,,,,
2-7_type,,,,,,,,,,,,,,,,,,,,,,,,,,,,,,,,,,,,,,,,,
2-8_time,1.2,2,2.8,3.6,4.4,5.2,6,6.8,,,,,,,,,,,,,,,,,,,,,,,,,,,,,,,,,
2-8_type,Show,Show,Input,Input,Show,Show,Input,Input,,,,,,,,,,,,,,,,,,,,,,,,,,,,,,,,,
2-9_time,1.2,2,2.01,2.8,2.81,3.6,3.61,4.4,4.21,5.2,5.3,5.4,5.8,5.9,6,6.6,7.4,7.6,8.2,9,9.2,,,,,,,,,,,,,,,,,,,,
2-9_type,Spawn,Show,Spawn,Show,Spawn,Show,Spawn,Show,Spawn,Show,Spawn,Input,Show,Spawn,Input,Show,Show,Input,Show,Show,Input,,,,,,,,,,,,,,,,,,,,
2-10_time,0,,,,,,,,,,,,,,,,,,,,,,,,,,,,,,,,,,,,,,,,
2-10_type,PatternStart,,,,,,,,,,,,,,,,,,,,,,,,,,,,,,,,,,,,,,,,
2-11_time,0,,,,,,,,,,,,,,,,,,,,,,,,,,,,,,,,,,,,,,,,
2-11_type,Show,,,,,,,,,,,,,,,,,,,,,,,,,,,,,,,,,,,,,,,,
2-12_time,0.4,0.8,1.2,1.6,1.7,3.2,3.6,4,4,4.4,4.4,4.8,5.2,5.3,7.2,7.6,8,8.4,8.5,10,10.4,10.8,10.8,11.2,11.2,11.6,12,12.1,,,,,,,,,,,,,
2-12_type,Show,Show,Show,Show,CameraDown,Cue,Cue,Input,Cue,Input,Cue,Input,Input,CameraUp,Show,Show,Show,Show,CameraDown,Cue,Cue,Input,Cue,Input,Cue,Input,Input,CameraUp,,,,,,,,,,,,,
2-13_time,1.2,2,2.8,3.6,4.4,5.2,6,6.8,7.6,8.4,9.2,10,10.8,11.6,12.4,13.2,,,,,,,,,,,,,,,,,,,,,,,,,
2-13_type,Show,Input,Show,Input,Show,Input,Show,Input,Show,Input,Show,Input,Show,Input,Show,Input,,,,,,,,,,,,,,,,,,,,,,,,,
2-14_time,2,4,6,8,10,,,,,,,,,,,,,,,,,,,,,,,,,,,,,,,,,,,,
2-14_type,Show,Show,Show,Show,Show,,,,,,,,,,,,,,,,,,,,,,,,,,,,,,,,,,,,
2-15_time,,,,,,,,,,,,,,,,,,,,,,,,,,,,,,,,,,,,,,,,,
2-15_type,,,,,,,,,,,,,,,,,,,,,,,,,,,,,,,,,,,,,,,,,
,,,,,,,,,,,,,,,,,,,,,,,,,,,,,,,,,,,,,,,,,
3-1_time,2,2.5,3,3.5,4,4.5,5,5.5,,,,,,,,,,,,,,,,,,,,,,,,,,,,,,,,,
3-1_type,Show,Swipe,Show,,Input1,Input2,Input1,Input2,,,,,,,,,,,,,,,,,,,,,,,,,,,,,,,,,
3-2_time,,,,,,,,,,,,,,,,,,,,,,,,,,,,,,,,,,,,,,,,,
3-2_type,,,,,,,,,,,,,,,,,,,,,,,,,,,,,,,,,,,,,,,,,
3-3_time,1,6,11,,,,,,,,,,,,,,,,,,,,,,,,,,,,,,,,,,,,,,
3-3_type,Show,Show,Show,,,,,,,,,,,,,,,,,,,,,,,,,,,,,,,,,,,,,,
3-4_time,6.5,7.5,8.5,9.5,10.5,,,,,,,,,,,,,,,,,,,,,,,,,,,,,,,,,,,,
3-4_type,Input,Input,Input,Input,Input,,,,,,,,,,,,,,,,,,,,,,,,,,,,,,,,,,,,
3-5_time,,,,,,,,,,,,,,,,,,,,,,,,,,,,,,,,,,,,,,,,,
3-5_type,,,,,,,,,,,,,,,,,,,,,,,,,,,,,,,,,,,,,,,,,
3-6_time,1,2,3,3.1,3.5,3.9,5,7,9,9.1,9.5,10,10.5,10.9,12,,,,,,,,,,,,,,,,,,,,,,,,,,
3-6_type,ShowGreen,ShowYellow,ShowRed,RecordCheck,RecordCheck,RecordCheck,ShowGreen,ShowYellow,ShowRed,RecordCheck,RecordCheck,RecordCheck,RecordCheck,RecordCheck,End,,,,,,,,,,,,,,,,,,,,,,,,,,
3-7_time,0,4,5.1,5.6,6,6.4,6.9,7.5,8,12,13.1,13.6,14,14.4,14.9,15.5,,,,,,,,,,,,,,,,,,,,,,,,,
3-7_type,Show,Show,Input,Input,Input,Input,Input,End,Show,Show,Input,Input,Input,Input,Input,End,,,,,,,,,,,,,,,,,,,,,,,,,
3-8_time,2.5,6.5,10.5,14.5,,,,,,,,,,,,,,,,,,,,,,,,,,,,,,,,,,,,,
3-8_type,Input,Input,Input,Input,,,,,,,,,,,,,,,,,,,,,,,,,,,,,,,,,,,,,
3-9_time,,,,,,,,,,,,,,,,,,,,,,,,,,,,,,,,,,,,,,,,,
3-9_time,,,,,,,,,,,,,,,,,,,,,,,,,,,,,,,,,,,,,,,,,
3-10_time,2,4,6,8,10,12,14,16,17,,,,,,,,,,,,,,,,,,,,,,,,,,,,,,,,
3-10_type,Show,Spawn,Show,Spawn,Show,Spawn,Show,Spawn,Show,,,,,,,,,,,,,,,,,,,,,,,,,,,,,,,,
3-11_type,input,input,input,input,input,input,input,input,,,,,,,,,,,,,,,,,,,,,,,,,,,,,,,,,
3-11_time,4,5,6,7,8,9,10,11,,,,,,,,,,,,,,,,,,,,,,,,,,,,,,,,,
3-12_type,Warn,Turn,Swipe,Swipe,Warn,Turn,Swipe,Swipe,Warn,Turn,Swipe,Swipe,Warn,Turn,Swipe,Swipe,Warn,Turn,Swipe,Swipe,Warn,Turn,Swipe,Swipe,Warn,Turn,Swipe,Swipe,Warn,Turn,Swipe,Swipe,Warn,Turn,Swipe,Swipe,Warn,Turn,Swipe,Swipe,
3-12_time,0,0.6,1.2,1.8,2.4,3,3.6,4.2,4.8,5.4,6,6.6,7.2,7.8,8.4,9,9.6,10.2,10.8,11.4,12,12.6,13.2,13.8,14.4,15,15.6,16.2,16.8,17.4,18,18.6,19.2,19.8,20.4,21,21.6,22.2,22.8,23.4,
3-13_type,,,,,,,,,,,,,,,,,,,,,,,,,,,,,,,,,,,,,,,,,
3-13_time,,,,,,,,,,,,,,,,,,,,,,,,,,,,,,,,,,,,,,,,,
3-14_type,Show,Show,Input,Input,Move,Show,Show,Input,Input,Move,Show,Show,Show,Show,Input,Input,Input,Input,,,,,,,,,,,,,,,,,,,,,,,
3-14_time,1,2,3,4,5,6,7,8,9,10,11,11.5,12,12.5,13,13.5,14,14.5,,,,,,,,,,,,,,,,,,,,,,,
3-15_type,,,,,,,,,,,,,,,,,,,,,,,,,,,,,,,,,,,,,,,,,
3-15_time,,,,,,,,,,,,,,,,,,,,,,,,,,,,,,,,,,,,,,,,,
