minigame,time,type,index
01월 01일,2,GuideText,1
01월 02일,5,GuideText,1
01월 03일,1.5,Action,0
01월 03일,3,Action,1
01월 03일,5.3,Action,2
01월 03일,7,Action,3
01월 03일,9,Action,4
01월 03일,11,Action,5
01월 03일,13,Action,6
01월 04일,4,GuideText,1
01월 04일,4,Action,0
01월 04일,5,Action,1
01월 04일,5.8,Action,2
01월 04일,10,Action,3
01월 04일,11,Action,4
01월 04일,12,Action,5
01월 05일,5,Action,0
01월 05일,10,Action,1
01월 05일,15,Action,2
01월 06일,8,GuideText,1
01월 09일,5,GuideText,1
01월 10일,5,GuideText,1
01월 10일,8,GuideText,2
,,,
,,,
,,,
,,,
,,,
,,,
,,,
,,,
,,,
,,,
,,,
,,,
,,,
,,,
,,,
,,,
,,,
,,,
,,,
